"Database","Pathway","Overlap","Genes","p_value","FDR","Combined_Score","Direction"
"KEGG_2021_Human","Staphylococcus aureus infection","3/95","DEFA5;FGG;C1QC","<0.001","0.0041","281.1","Positive"
"GO_Biological_Process_2023","Neural Crest Cell Differentiation (GO:0014033)","2/18","MEF2C;FAM172A","<0.001","0.0364","1079.4","Negative"
"KEGG_2021_Human","Complement and coagulation cascades","2/85","FGG;C1QC","0.0043","0.0511","124.6","Positive"
"GO_Biological_Process_2023","Muscle Organ Development (GO:0007517)","2/58","MEF2C;MKX","0.0018","0.0965","224.1","Negative"
"GO_Biological_Process_2023","Regulation Of Macrophage Apoptotic Process (GO:2000109)","1/5","MEF2C","0.0055","0.0965","1237.7","Negative"
"GO_Biological_Process_2023","Positive Regulation Of Cardiac Muscle Cell Differentiation (GO:2000727)","1/5","MEF2C","0.0055","0.0965","1237.7","Negative"
"GO_Biological_Process_2023","Nephron Tubule Development (GO:0072080)","1/5","MEF2C","0.0055","0.0965","1237.7","Negative"
"GO_Biological_Process_2023","Negative Regulation Of Amyloid Precursor Protein Biosynthetic Process (GO:0042985)","1/5","ITM2A","0.0055","0.0965","1237.7","Negative"
"GO_Biological_Process_2023","Epithelial Cell Differentiation Involved In Kidney Development (GO:0035850)","1/6","MEF2C","0.0066","0.0965","955.5","Negative"
"GO_Biological_Process_2023","Positive Regulation Of Myeloid Cell Apoptotic Process (GO:0033034)","1/7","MEF2C","0.0077","0.0965","771.9","Negative"
"GO_Biological_Process_2023","Negative Regulation Of Glycoprotein Biosynthetic Process (GO:0010561)","1/8","ITM2A","0.0088","0.0965","643.5","Negative"
"GO_Biological_Process_2023","Regulation Of Skeletal Muscle Cell Differentiation (GO:2001014)","1/8","MEF2C","0.0088","0.0965","643.5","Negative"
"GO_Biological_Process_2023","Positive Regulation Of Actin Cytoskeleton Reorganization (GO:2000251)","1/8","CCL27","0.0088","0.0965","643.5","Negative"
"GO_Biological_Process_2023","Endochondral Ossification (GO:0001958)","1/8","MEF2C","0.0088","0.0965","643.5","Negative"
"GO_Biological_Process_2023","B Cell Homeostasis (GO:0001782)","1/9","MEF2C","0.0099","0.0965","549.1","Negative"
"GO_Biological_Process_2023","Positive Regulation Of Leukocyte Apoptotic Process (GO:2000108)","1/9","MEF2C","0.0099","0.0965","549.1","Negative"
"GO_Biological_Process_2023","Muscle Cell Fate Commitment (GO:0042693)","1/9","MEF2C","0.0099","0.0965","549.1","Negative"
"GO_Biological_Process_2023","Positive Regulation Of Cardiocyte Differentiation (GO:1905209)","1/9","MEF2C","0.0099","0.0965","549.1","Negative"
"GO_Biological_Process_2023","Positive Regulation Of Skeletal Muscle Tissue Development (GO:0048643)","1/9","MEF2C","0.0099","0.0965","549.1","Negative"
"GO_Biological_Process_2023","Regulation Of Cardiac Muscle Cell Differentiation (GO:2000725)","1/9","MEF2C","0.0099","0.0965","549.1","Negative"
"GO_Biological_Process_2023","Regulation Of Amyloid Precursor Protein Biosynthetic Process (GO:0042984)","1/10","ITM2A","0.0109","0.0965","477.0","Negative"
"GO_Biological_Process_2023","Positive Regulation Of Epidermal Growth Factor-Activated Receptor Activity (GO:0045741)","1/10","BTC","0.0109","0.0965","477.0","Negative"
"GO_Biological_Process_2023","Melanocyte Differentiation (GO:0030318)","1/11","MEF2C","0.0120","0.0965","420.3","Negative"
"GO_Biological_Process_2023","Cellular Response To Fluid Shear Stress (GO:0071498)","1/11","MEF2C","0.0120","0.0965","420.3","Negative"
"GO_Biological_Process_2023","Positive Regulation Of Behavior (GO:0048520)","1/11","MEF2C","0.0120","0.0965","420.3","Negative"
"GO_Biological_Process_2023","Smooth Muscle Cell Differentiation (GO:0051145)","1/11","MEF2C","0.0120","0.0965","420.3","Negative"
"GO_Biological_Process_2023","Regulation Of Vascular Associated Smooth Muscle Cell Migration (GO:1904752)","1/12","MEF2C","0.0131","0.0965","374.6","Negative"
"GO_Biological_Process_2023","Endochondral Bone Morphogenesis (GO:0060350)","1/12","MEF2C","0.0131","0.0965","374.6","Negative"
"GO_Biological_Process_2023","Positive Regulation Of Cardiac Muscle Cell Proliferation (GO:0060045)","1/13","MEF2C","0.0142","0.0965","337.0","Negative"
"GO_Biological_Process_2023","Negative Regulation Of Smooth Muscle Cell Migration (GO:0014912)","1/14","MEF2C","0.0153","0.0965","305.7","Negative"
"GO_Biological_Process_2023","Stem Cell Development (GO:0048864)","1/15","FAM172A","0.0164","0.0965","279.2","Negative"
"GO_Biological_Process_2023","Regulation Of NMDA Receptor Activity (GO:2000310)","1/16","MEF2C","0.0175","0.0965","256.5","Negative"
"GO_Biological_Process_2023","Positive Regulation Of Cardiac Muscle Tissue Growth (GO:0055023)","1/16","MEF2C","0.0175","0.0965","256.5","Negative"
"GO_Biological_Process_2023","Regulation Of Leukocyte Chemotaxis (GO:0002688)","1/17","ZNF580","0.0185","0.0965","236.9","Negative"
"GO_Biological_Process_2023","Negative Regulation Of Vascular Associated Smooth Muscle Cell Proliferation (GO:1904706)","1/17","MEF2C","0.0185","0.0965","236.9","Negative"
"GO_Biological_Process_2023","Maintenance Of Gastrointestinal Epithelium (GO:0030277)","1/18","SERPINA3","0.0196","0.0965","219.8","Negative"
"GO_Biological_Process_2023","Excitatory Postsynaptic Potential (GO:0060079)","1/18","MEF2C","0.0196","0.0965","219.8","Negative"
"GO_Biological_Process_2023","Regulation Of Vascular Endothelial Cell Proliferation (GO:1905562)","1/18","MEF2C","0.0196","0.0965","219.8","Negative"
"GO_Biological_Process_2023","Epithelial Structure Maintenance (GO:0010669)","1/19","SERPINA3","0.0207","0.0965","204.7","Negative"
"GO_Biological_Process_2023","Regulation Of Megakaryocyte Differentiation (GO:0045652)","1/19","MEF2C","0.0207","0.0965","204.7","Negative"
"GO_Biological_Process_2023","Striated Muscle Cell Differentiation (GO:0051146)","1/20","MEF2C","0.0218","0.0965","191.4","Negative"
"GO_Biological_Process_2023","Regulation Of Cardiac Muscle Cell Proliferation (GO:0060043)","1/20","MEF2C","0.0218","0.0965","191.4","Negative"
"GO_Biological_Process_2023","Regulation Of Dendritic Spine Development (GO:0060998)","1/21","MEF2C","0.0229","0.0965","179.5","Negative"
"GO_Biological_Process_2023","Regulation Of Neurotransmitter Transport (GO:0051588)","1/21","MEF2C","0.0229","0.0965","179.5","Negative"
"GO_Biological_Process_2023","Positive Regulation Of Phosphatase Activity (GO:0010922)","1/22","MEF2C","0.0239","0.0965","168.9","Negative"
"GO_Biological_Process_2023","Homologous Chromosome Segregation (GO:0045143)","1/22","PTTG1","0.0239","0.0965","168.9","Negative"
"GO_Biological_Process_2023","Regulation Of Cell Junction Assembly (GO:1901888)","1/23","MEF2C","0.0250","0.0965","159.3","Negative"
"GO_Biological_Process_2023","Cell Morphogenesis Involved In Differentiation (GO:0000904)","1/24","MEF2C","0.0261","0.0965","150.7","Negative"
"GO_Biological_Process_2023","Negative Regulation Of Ossification (GO:0030279)","1/24","MEF2C","0.0261","0.0965","150.7","Negative"
"GO_Biological_Process_2023","Regulation Of AMPA Receptor Activity (GO:2000311)","1/24","MEF2C","0.0261","0.0965","150.7","Negative"
"GO_Biological_Process_2023","Regulation Of Synapse Organization (GO:0050807)","1/25","MEF2C","0.0272","0.0965","142.8","Negative"
"GO_Biological_Process_2023","Chemical Synaptic Transmission, Postsynaptic (GO:0099565)","1/25","MEF2C","0.0272","0.0965","142.8","Negative"
"GO_Biological_Process_2023","Myotube Differentiation (GO:0014902)","1/25","MEF2C","0.0272","0.0965","142.8","Negative"
"GO_Biological_Process_2023","Regulation Of Actin Cytoskeleton Reorganization (GO:2000249)","1/25","CCL27","0.0272","0.0965","142.8","Negative"
"GO_Biological_Process_2023","Positive Regulation Of Striated Muscle Cell Differentiation (GO:0051155)","1/25","MEF2C","0.0272","0.0965","142.8","Negative"
"GO_Biological_Process_2023","Meiosis I (GO:0007127)","1/26","PTTG1","0.0282","0.0965","135.6","Negative"
"GO_Biological_Process_2023","Regulation Of Epidermal Growth Factor-Activated Receptor Activity (GO:0007176)","1/26","BTC","0.0282","0.0965","135.6","Negative"
"GO_Biological_Process_2023","Positive Regulation Of Nuclear Division (GO:0051785)","1/26","BTC","0.0282","0.0965","135.6","Negative"
"GO_Biological_Process_2023","Cellular Response To Xenobiotic Stimulus (GO:0071466)","1/26","MEF2C","0.0282","0.0965","135.6","Negative"
"GO_Biological_Process_2023","Regulation Of Myeloid Cell Differentiation (GO:0045637)","1/26","MEF2C","0.0282","0.0965","135.6","Negative"
"GO_Biological_Process_2023","Cardiac Muscle Cell Differentiation (GO:0055007)","1/27","MEF2C","0.0293","0.0965","129.0","Negative"
"GO_Biological_Process_2023","RNA-mediated Gene Silencing (GO:0031047)","1/29","FAM172A","0.0314","0.0965","117.4","Negative"
"GO_Biological_Process_2023","Positive Regulation Of B Cell Proliferation (GO:0030890)","1/29","MEF2C","0.0314","0.0965","117.4","Negative"
"GO_Biological_Process_2023","Chondrocyte Differentiation (GO:0002062)","1/29","MEF2C","0.0314","0.0965","117.4","Negative"
"GO_Biological_Process_2023","B Cell Proliferation (GO:0042100)","1/31","MEF2C","0.0336","0.0965","107.5","Negative"
"GO_Biological_Process_2023","Positive Regulation Of Leukocyte Migration (GO:0002687)","1/31","ZNF580","0.0336","0.0965","107.5","Negative"
"GO_Biological_Process_2023","Positive Regulation Of Extrinsic Apoptotic Signaling Pathway (GO:2001238)","1/31","LTBR","0.0336","0.0965","107.5","Negative"
"GO_Biological_Process_2023","Heterochromatin Formation (GO:0031507)","1/32","FAM172A","0.0346","0.0965","103.0","Negative"
"GO_Biological_Process_2023","Epithelial Tube Morphogenesis (GO:0060562)","1/33","MEF2C","0.0357","0.0965","98.9","Negative"
"GO_Biological_Process_2023","Negative Regulation Of Blood Vessel Endothelial Cell Migration (GO:0043537)","1/33","MEF2C","0.0357","0.0965","98.9","Negative"
"GO_Biological_Process_2023","Positive Regulation Of Epidermal Growth Factor Receptor Signaling Pathway (GO:0045742)","1/33","BTC","0.0357","0.0965","98.9","Negative"
"GO_Biological_Process_2023","Cellular Response To Hydrogen Peroxide (GO:0070301)","1/34","ZNF580","0.0368","0.0965","95.1","Negative"
"GO_Biological_Process_2023","Positive Regulation Of Mitotic Nuclear Division (GO:0045840)","1/35","BTC","0.0378","0.0965","91.5","Negative"
"GO_Biological_Process_2023","Skeletal Muscle Organ Development (GO:0060538)","1/35","MEF2C","0.0378","0.0965","91.5","Negative"
"GO_Biological_Process_2023","Regulation Of Postsynaptic Membrane Potential (GO:0060078)","1/35","MEF2C","0.0378","0.0965","91.5","Negative"
"GO_Biological_Process_2023","Positive Regulation Of Signaling Receptor Activity (GO:2000273)","1/36","BTC","0.0389","0.0965","88.1","Negative"
"GO_Biological_Process_2023","Negative Regulation Of Endothelial Cell Migration (GO:0010596)","1/37","MEF2C","0.0399","0.0965","84.9","Negative"
"GO_Biological_Process_2023","Negative Regulation Of Endothelial Cell Proliferation (GO:0001937)","1/37","MEF2C","0.0399","0.0965","84.9","Negative"
"GO_Biological_Process_2023","Regulation Of Vascular Associated Smooth Muscle Cell Proliferation (GO:1904705)","1/37","MEF2C","0.0399","0.0965","84.9","Negative"
"GO_Biological_Process_2023","Muscle Cell Differentiation (GO:0042692)","1/37","MEF2C","0.0399","0.0965","84.9","Negative"
"GO_Biological_Process_2023","Muscle Tissue Development (GO:0060537)","1/37","MEF2C","0.0399","0.0965","84.9","Negative"
"GO_Biological_Process_2023","Negative Regulation Of Smooth Muscle Cell Proliferation (GO:0048662)","1/37","MEF2C","0.0399","0.0965","84.9","Negative"
"GO_Biological_Process_2023","Regulation Of Ossification (GO:0030278)","1/37","MEF2C","0.0399","0.0965","84.9","Negative"
"GO_Biological_Process_2023","Lymphocyte Proliferation (GO:0046651)","1/38","MEF2C","0.0410","0.0965","82.0","Negative"
"GO_Biological_Process_2023","Positive Regulation Of Myoblast Differentiation (GO:0045663)","1/38","MEF2C","0.0410","0.0965","82.0","Negative"
"GO_Biological_Process_2023","Heart Looping (GO:0001947)","1/38","MEF2C","0.0410","0.0965","82.0","Negative"
"GO_Biological_Process_2023","Positive Regulation Of Protein Tyrosine Kinase Activity (GO:0061098)","1/38","BTC","0.0410","0.0965","82.0","Negative"
"GO_Biological_Process_2023","Positive Regulation Of Bone Mineralization (GO:0030501)","1/38","MEF2C","0.0410","0.0965","82.0","Negative"
"GO_Biological_Process_2023","Response To Transforming Growth Factor Beta (GO:0071559)","1/38","MEF2C","0.0410","0.0965","82.0","Negative"
"GO_Biological_Process_2023","Regulation Of Neurotransmitter Secretion (GO:0046928)","1/38","MEF2C","0.0410","0.0965","82.0","Negative"
"GO_Biological_Process_2023","Stem Cell Differentiation (GO:0048863)","1/41","MEF2C","0.0442","0.0965","74.1","Negative"
"GO_Biological_Process_2023","Positive Regulation Of Ossification (GO:0045778)","1/41","MEF2C","0.0442","0.0965","74.1","Negative"
"GO_Biological_Process_2023","Cardiac Ventricle Morphogenesis (GO:0003208)","1/42","MEF2C","0.0452","0.0965","71.7","Negative"
"GO_Biological_Process_2023","Positive Regulation Of Neuron Differentiation (GO:0045666)","1/42","MEF2C","0.0452","0.0965","71.7","Negative"
"GO_Biological_Process_2023","Determination Of Heart Left/Right Asymmetry (GO:0061371)","1/42","MEF2C","0.0452","0.0965","71.7","Negative"
"GO_Biological_Process_2023","Regulation Of Neurotransmitter Receptor Activity (GO:0099601)","1/42","MEF2C","0.0452","0.0965","71.7","Negative"
"GO_Biological_Process_2023","Embryonic Heart Tube Morphogenesis (GO:0003143)","1/42","MEF2C","0.0452","0.0965","71.7","Negative"
"GO_Biological_Process_2023","Skeletal Muscle Tissue Development (GO:0007519)","1/42","MEF2C","0.0452","0.0965","71.7","Negative"
"GO_Biological_Process_2023","Regulation Of Primary Metabolic Process (GO:0080090)","1/43","SERPINA3","0.0463","0.0965","69.5","Negative"
"GO_Biological_Process_2023","Positive Regulation Of Biomineral Tissue Development (GO:0070169)","1/43","MEF2C","0.0463","0.0965","69.5","Negative"
"GO_Biological_Process_2023","Positive Regulation Of Osteoblast Differentiation (GO:0045669)","1/44","MEF2C","0.0473","0.0965","67.4","Negative"
"GO_Biological_Process_2023","Regulation Of B Cell Proliferation (GO:0030888)","1/44","MEF2C","0.0473","0.0965","67.4","Negative"
"GO_Biological_Process_2023","Neural Crest Cell Development (GO:0014032)","1/44","FAM172A","0.0473","0.0965","67.4","Negative"
"GO_Biological_Process_2023","Positive Regulation Of Chemotaxis (GO:0050921)","1/44","ZNF580","0.0473","0.0965","67.4","Negative"
"GO_Molecular_Function_2023","Minor Groove Of Adenine-Thymine-Rich DNA Binding (GO:0003680)","1/6","MEF2C","0.0066","0.0971","955.5","Negative"
"GO_Molecular_Function_2023","Endopeptidase Inhibitor Activity (GO:0004866)","2/112","SERPINA3;PTTG1","0.0067","0.0971","90.5","Negative"
"GO_Molecular_Function_2023","siRNA Binding (GO:0035197)","1/9","FAM172A","0.0099","0.0971","549.1","Negative"
"GO_Molecular_Function_2023","Complement Component C3b Binding (GO:0001851)","1/10","CFHR3","0.0109","0.0971","477.0","Negative"
"GO_Molecular_Function_2023","Transmembrane Receptor Protein Tyrosine Kinase Activator Activity (GO:0030297)","1/12","BTC","0.0131","0.0971","374.6","Negative"
"GO_Biological_Process_2023","Epidermal Growth Factor Receptor Signaling Pathway (GO:0007173)","1/45","BTC","0.0484","0.0977","65.3","Negative"
"GO_Biological_Process_2023","B Cell Receptor Signaling Pathway (GO:0050853)","1/46","MEF2C","0.0494","0.0979","63.4","Negative"
"GO_Biological_Process_2023","Response To Hydrogen Peroxide (GO:0042542)","1/46","ZNF580","0.0494","0.0979","63.4","Negative"
"GO_Biological_Process_2023","Cellular Response To Mechanical Stimulus (GO:0071260)","1/48","LTBR","0.0515","0.1011","59.9","Negative"
"KEGG_2021_Human","Viral protein interaction with cytokine and cytokine receptor","2/100","LTBR;CCL27","0.0054","0.1018","106.1","Negative"
"GO_Biological_Process_2023","Regulation Of Synapse Assembly (GO:0051963)","1/51","MEF2C","0.0547","0.1036","55.2","Negative"
"GO_Biological_Process_2023","Cartilage Development (GO:0051216)","1/52","MEF2C","0.0557","0.1036","53.7","Negative"
"GO_Biological_Process_2023","Positive Regulation Of B Cell Activation (GO:0050871)","1/52","MEF2C","0.0557","0.1036","53.7","Negative"
"GO_Biological_Process_2023","Regulation Of Alternative mRNA Splicing, Via Spliceosome (GO:0000381)","1/53","FAM172A","0.0567","0.1036","52.4","Negative"
"GO_Biological_Process_2023","ERBB Signaling Pathway (GO:0038127)","1/54","BTC","0.0578","0.1036","51.0","Negative"
"GO_Biological_Process_2023","Positive Regulation Of Leukocyte Chemotaxis (GO:0002690)","1/54","ZNF580","0.0578","0.1036","51.0","Negative"
"GO_Biological_Process_2023","Mesenchymal Cell Differentiation (GO:0048762)","1/54","MEF2C","0.0578","0.1036","51.0","Negative"
"GO_Biological_Process_2023","Regulation Of Lipid Metabolic Process (GO:0019216)","1/54","SERPINA3","0.0578","0.1036","51.0","Negative"
"GO_Biological_Process_2023","Regulation Of Myoblast Differentiation (GO:0045661)","1/54","MEF2C","0.0578","0.1036","51.0","Negative"
"GO_Biological_Process_2023","Regulation Of Blood Vessel Endothelial Cell Migration (GO:0043535)","1/54","MEF2C","0.0578","0.1036","51.0","Negative"
"GO_Biological_Process_2023","Regulation Of Synaptic Transmission, Glutamatergic (GO:0051966)","1/55","MEF2C","0.0588","0.1037","49.8","Negative"
"GO_Biological_Process_2023","Neuron Migration (GO:0001764)","1/55","MEF2C","0.0588","0.1037","49.8","Negative"
"GO_Biological_Process_2023","Regulation Of Mitotic Nuclear Division (GO:0007088)","1/56","BTC","0.0599","0.1041","48.6","Negative"
"GO_Biological_Process_2023","Positive Regulation Of Macromolecule Metabolic Process (GO:0010604)","2/364","MEF2C;ZNF580","0.0601","0.1041","15.2","Negative"
"GO_Biological_Process_2023","Regulation Of Neuron Death (GO:1901214)","1/58","MEF2C","0.0619","0.1056","46.3","Negative"
"GO_Biological_Process_2023","Regulation Of Bone Mineralization (GO:0030500)","1/58","MEF2C","0.0619","0.1056","46.3","Negative"
"GO_Molecular_Function_2023","Protein Tyrosine Kinase Binding (GO:1990782)","2/85","CEACAM7;RNF41","0.0043","0.1069","124.6","Positive"
"GO_Molecular_Function_2023","Immunoglobulin Receptor Binding (GO:0034987)","1/7","IGHM","0.0080","0.1069","730.1","Positive"
"GO_Molecular_Function_2023","Metal-Dependent Deubiquitinase Activity (GO:0140492)","1/8","MYSM1","0.0092","0.1069","608.5","Positive"
"GO_Biological_Process_2023","Regulation Of Extrinsic Apoptotic Signaling Pathway (GO:2001236)","1/60","LTBR","0.0640","0.1073","44.2","Negative"
"GO_Biological_Process_2023","Negative Regulation Of Peptidase Activity (GO:0010466)","1/60","SERPINA3","0.0640","0.1073","44.2","Negative"
"GO_Biological_Process_2023","Positive Regulation Of Interleukin-8 Production (GO:0032757)","1/61","ZNF580","0.0650","0.1082","43.2","Negative"
"GO_Cellular_Component_2023","Nuclear Stress Granule (GO:0097165)","1/5","RBFOX1","0.0057","0.1090","1171.3","Positive"
"GO_Biological_Process_2023","Positive Regulation Of Apoptotic Signaling Pathway (GO:2001235)","1/62","LTBR","0.0661","0.1090","42.2","Negative"
"GO_Biological_Process_2023","Regulation Of Secretion By Cell (GO:1903530)","1/64","MEF2C","0.0681","0.1116","40.4","Negative"
"GO_Biological_Process_2023","Antibacterial Humoral Response (GO:0019731)","2/49","IGHM;DEFA5","0.0014","0.1136","264.3","Positive"
"GO_Biological_Process_2023","Regulation Of MAPK Cascade (GO:0043408)","3/204","OSM;STK3;RNF41","0.0016","0.1136","95.1","Positive"
"GO_Biological_Process_2023","Defense Response To Gram-negative Bacterium (GO:0050829)","2/75","IGHM;DEFA5","0.0033","0.1136","148.1","Positive"
"GO_Biological_Process_2023","Cell Junction Disassembly (GO:0150146)","1/5","C1QC","0.0057","0.1136","1171.3","Positive"
"GO_Biological_Process_2023","Humoral Immune Response Mediated By Circulating Immunoglobulin (GO:0002455)","1/5","C1QC","0.0057","0.1136","1171.3","Positive"
"GO_Biological_Process_2023","Antimicrobial Humoral Response (GO:0019730)","2/100","IGHM;DEFA5","0.0058","0.1136","99.3","Positive"
"GO_Biological_Process_2023","Regulation Of Protein Secretion (GO:0050708)","2/102","DNAJC1;FGG","0.0061","0.1136","96.6","Positive"
"GO_Biological_Process_2023","Synapse Pruning (GO:0098883)","1/8","C1QC","0.0092","0.1136","608.5","Positive"
"GO_Biological_Process_2023","Plasminogen Activation (GO:0031639)","1/8","FGG","0.0092","0.1136","608.5","Positive"
"GO_Biological_Process_2023","Positive Regulation Of Peptide Secretion (GO:0002793)","1/8","FGG","0.0092","0.1136","608.5","Positive"
"GO_Biological_Process_2023","Nucleic Acid Transport (GO:0050657)","1/8","RBFOX1","0.0092","0.1136","608.5","Positive"
"GO_Biological_Process_2023","Negative Regulation Of Hormone Secretion (GO:0046888)","1/9","OSM","0.0103","0.1136","519.1","Positive"
"GO_Biological_Process_2023","Regulation Of Granulocyte Differentiation (GO:0030852)","1/9","C1QC","0.0103","0.1136","519.1","Positive"
"GO_Biological_Process_2023","Regulation Of Protein Kinase B Signaling (GO:0051896)","2/136","OSM;RNF41","0.0106","0.1136","64.2","Positive"
"GO_Biological_Process_2023","Inositol Phosphate Biosynthetic Process (GO:0032958)","1/10","IP6K2","0.0114","0.1136","450.8","Positive"
"GO_Biological_Process_2023","Positive Regulation Of Mitotic Cell Cycle Spindle Assembly Checkpoint (GO:0090267)","1/11","NDC80","0.0126","0.1136","397.1","Positive"
"GO_Biological_Process_2023","Positive Regulation Of Spindle Checkpoint (GO:0090232)","1/11","NDC80","0.0126","0.1136","397.1","Positive"
"GO_Biological_Process_2023","Fibrinolysis (GO:0042730)","1/12","FGG","0.0137","0.1136","353.9","Positive"
"GO_Biological_Process_2023","Regulation Of Hematopoietic Stem Cell Differentiation (GO:1902036)","1/12","OSM","0.0137","0.1136","353.9","Positive"
"GO_Biological_Process_2023","Attachment Of Mitotic Spindle Microtubules To Kinetochore (GO:0051315)","1/12","NDC80","0.0137","0.1136","353.9","Positive"
"GO_Biological_Process_2023","Positive Regulation Of Vasoconstriction (GO:0045907)","1/12","FGG","0.0137","0.1136","353.9","Positive"
"GO_Biological_Process_2023","Killing By Host Of Symbiont Cells (GO:0051873)","1/13","DEFA5","0.0149","0.1136","318.4","Positive"
"GO_Biological_Process_2023","Positive Regulation Of Heterotypic Cell-Cell Adhesion (GO:0034116)","1/14","FGG","0.0160","0.1136","288.7","Positive"
"GO_Biological_Process_2023","Protein Activation Cascade (GO:0072376)","1/14","FGG","0.0160","0.1136","288.7","Positive"
"GO_Biological_Process_2023","Establishment Of Chromosome Localization (GO:0051303)","1/14","NDC80","0.0160","0.1136","288.7","Positive"
"GO_Biological_Process_2023","Regulation Of Hemopoiesis (GO:1903706)","1/14","MYSM1","0.0160","0.1136","288.7","Positive"
"GO_Biological_Process_2023","Positive Regulation Of Acute Inflammatory Response (GO:0002675)","1/14","OSM","0.0160","0.1136","288.7","Positive"
"GO_Biological_Process_2023","Regulation Of Macrophage Differentiation (GO:0045649)","1/14","C1QC","0.0160","0.1136","288.7","Positive"
"GO_Biological_Process_2023","Blood Coagulation, Fibrin Clot Formation (GO:0072378)","1/14","FGG","0.0160","0.1136","288.7","Positive"
"GO_Biological_Process_2023","Polyol Biosynthetic Process (GO:0046173)","1/15","IP6K2","0.0171","0.1136","263.6","Positive"
"GO_Biological_Process_2023","Regulation Of Hormone Secretion (GO:0046883)","1/15","OSM","0.0171","0.1136","263.6","Positive"
"GO_Biological_Process_2023","Nuclear Chromosome Segregation (GO:0098813)","1/16","NDC80","0.0182","0.1136","242.2","Positive"
"GO_Biological_Process_2023","Polyol Metabolic Process (GO:0019751)","1/17","IP6K2","0.0194","0.1136","223.6","Positive"
"GO_Biological_Process_2023","Regulation Of Hematopoietic Progenitor Cell Differentiation (GO:1901532)","1/17","OSM","0.0194","0.1136","223.6","Positive"
"GO_Biological_Process_2023","Hippo Signaling (GO:0035329)","1/17","STK3","0.0194","0.1136","223.6","Positive"
"GO_Biological_Process_2023","Regulation Of Mitotic Cell Cycle Spindle Assembly Checkpoint (GO:0090266)","1/17","NDC80","0.0194","0.1136","223.6","Positive"
"GO_Biological_Process_2023","Negative Regulation Of Endopeptidase Activity (GO:0010951)","1/66","SERPINA3","0.0702","0.1140","38.8","Negative"
"GO_Biological_Process_2023","Regulation Of Endopeptidase Activity (GO:0052548)","1/69","SERPINA3","0.0732","0.1163","36.4","Negative"
"GO_Biological_Process_2023","Cellular Response To Calcium Ion (GO:0071277)","1/69","MEF2C","0.0732","0.1163","36.4","Negative"
"GO_Biological_Process_2023","Regulation Of Monoatomic Ion Transmembrane Transporter Activity (GO:0032412)","1/69","MEF2C","0.0732","0.1163","36.4","Negative"
"KEGG_2021_Human","JAK-STAT signaling pathway","2/162","OSM;IL20RB","0.0148","0.1180","49.7","Positive"
"GO_Biological_Process_2023","Positive Regulation Of Hormone Secretion (GO:0046887)","1/19","FGG","0.0216","0.1201","193.2","Positive"
"GO_Biological_Process_2023","Regulation Of Acute Inflammatory Response (GO:0002673)","1/19","OSM","0.0216","0.1201","193.2","Positive"
"GO_Biological_Process_2023","Defense Response To Bacterium (GO:0042742)","2/204","IGHM;DEFA5","0.0228","0.1203","35.3","Positive"
"GO_Biological_Process_2023","Negative Regulation Of Cellular Process (GO:0048523)","3/537","OSM;RNF41;IP6K2","0.0229","0.1203","20.6","Positive"
"GO_Biological_Process_2023","Innate Immune Response In Mucosa (GO:0002227)","1/21","DEFA5","0.0239","0.1203","169.4","Positive"
"GO_Biological_Process_2023","Inositol Phosphate Metabolic Process (GO:0043647)","1/22","IP6K2","0.0250","0.1203","159.3","Positive"
"GO_Biological_Process_2023","Negative Regulation Of Cell Communication (GO:0010648)","1/22","OSM","0.0250","0.1203","159.3","Positive"
"GO_Biological_Process_2023","Negative Regulation Of Extrinsic Apoptotic Signaling Pathway Via Death Domain Receptors (GO:1902042)","1/23","FGG","0.0261","0.1203","150.3","Positive"
"GO_Biological_Process_2023","Positive Regulation Of Interleukin-17 Production (GO:0032740)","1/24","OSM","0.0273","0.1203","142.1","Positive"
"GO_Biological_Process_2023","Regulation Of Heterotypic Cell-Cell Adhesion (GO:0034114)","1/24","FGG","0.0273","0.1203","142.1","Positive"
"GO_Biological_Process_2023","Negative Regulation Of Endothelial Cell Apoptotic Process (GO:2000352)","1/26","FGG","0.0295","0.1203","127.8","Positive"
"GO_Biological_Process_2023","Spindle Assembly Checkpoint Signaling (GO:0071173)","1/26","NDC80","0.0295","0.1203","127.8","Positive"
"GO_Biological_Process_2023","Mitotic Spindle Assembly Checkpoint Signaling (GO:0007094)","1/26","NDC80","0.0295","0.1203","127.8","Positive"
"GO_Biological_Process_2023","Mitotic Spindle Checkpoint Signaling (GO:0071174)","1/26","NDC80","0.0295","0.1203","127.8","Positive"
"GO_Biological_Process_2023","Regulation Of Vasoconstriction (GO:0019229)","1/26","FGG","0.0295","0.1203","127.8","Positive"
"GO_Biological_Process_2023","Regulation Of Protein Transport (GO:0051223)","1/28","DNAJC1","0.0317","0.1203","115.9","Positive"
"GO_Biological_Process_2023","Negative Regulation Of Mitotic Metaphase/Anaphase Transition (GO:0045841)","1/28","NDC80","0.0317","0.1203","115.9","Positive"
"GO_Biological_Process_2023","Mucosal Immune Response (GO:0002385)","1/28","DEFA5","0.0317","0.1203","115.9","Positive"
"GO_Biological_Process_2023","Negative Regulation Of Signaling (GO:0023057)","1/28","OSM","0.0317","0.1203","115.9","Positive"
"GO_Biological_Process_2023","Positive Regulation Of Programmed Cell Death (GO:0043068)","2/245","STK3;IP6K2","0.0319","0.1203","26.6","Positive"
"GO_Biological_Process_2023","Establishment Of Mitotic Spindle Orientation (GO:0000132)","1/29","NDC80","0.0328","0.1214","110.6","Positive"
"GO_Biological_Process_2023","Negative Regulation Of Myeloid Leukocyte Differentiation (GO:0002762)","1/30","C1QC","0.0340","0.1214","105.8","Positive"
"GO_Biological_Process_2023","Negative Regulation Of Blood Coagulation (GO:0030195)","1/30","FGG","0.0340","0.1214","105.8","Positive"
"GO_Biological_Process_2023","Cellular Response To Reactive Oxygen Species (GO:0034614)","1/73","ZNF580","0.0773","0.1216","33.7","Negative"
"GO_Biological_Process_2023","Positive Regulation Of Lymphocyte Proliferation (GO:0050671)","1/74","MEF2C","0.0784","0.1216","33.1","Negative"
"GO_Biological_Process_2023","Negative Regulation Of Neuron Apoptotic Process (GO:0043524)","1/74","MEF2C","0.0784","0.1216","33.1","Negative"
"GO_Biological_Process_2023","Regulation Of Extrinsic Apoptotic Signaling Pathway Via Death Domain Receptors (GO:1902041)","1/31","FGG","0.0351","0.1226","101.3","Positive"
"GO_Biological_Process_2023","Positive Regulation Of Apoptotic Process (GO:0043065)","2/270","STK3;IP6K2","0.0381","0.1226","22.9","Positive"
"GO_Biological_Process_2023","Organophosphate Biosynthetic Process (GO:0090407)","1/34","IP6K2","0.0384","0.1226","89.5","Positive"
"GO_Biological_Process_2023","Establishment Of Mitotic Spindle Localization (GO:0040001)","1/34","NDC80","0.0384","0.1226","89.5","Positive"
"GO_Biological_Process_2023","Regulation Of Interleukin-17 Production (GO:0032660)","1/34","OSM","0.0384","0.1226","89.5","Positive"
"GO_Biological_Process_2023","Sister Chromatid Segregation (GO:0000819)","1/34","NDC80","0.0384","0.1226","89.5","Positive"
"GO_Biological_Process_2023","Establishment Of Spindle Orientation (GO:0051294)","1/35","NDC80","0.0395","0.1226","86.2","Positive"
"GO_Biological_Process_2023","Platelet Aggregation (GO:0070527)","1/35","FGG","0.0395","0.1226","86.2","Positive"
"GO_Biological_Process_2023","Positive Regulation Of Substrate Adhesion-Dependent Cell Spreading (GO:1900026)","1/35","FGG","0.0395","0.1226","86.2","Positive"
"GO_Biological_Process_2023","Cell Morphogenesis Involved In Neuron Differentiation (GO:0048667)","1/77","MEF2C","0.0814","0.1236","31.3","Negative"
"GO_Biological_Process_2023","Positive Regulation Of JNK Cascade (GO:0046330)","1/77","LTBR","0.0814","0.1236","31.3","Negative"
"GO_Biological_Process_2023","Positive Regulation Of Endothelial Cell Proliferation (GO:0001938)","1/77","ZNF580","0.0814","0.1236","31.3","Negative"
"GO_Biological_Process_2023","Spliceosomal snRNP Assembly (GO:0000387)","1/37","GEMIN7","0.0417","0.1241","80.0","Positive"
"GO_Biological_Process_2023","Positive Regulation Of Exocytosis (GO:0045921)","1/37","FGG","0.0417","0.1241","80.0","Positive"
"GO_Biological_Process_2023","Negative Regulation Of Epithelial Cell Apoptotic Process (GO:1904036)","1/38","FGG","0.0428","0.1241","77.2","Positive"
"GO_Biological_Process_2023","RNA Transport (GO:0050658)","1/39","RBFOX1","0.0439","0.1241","74.5","Positive"
"GO_Biological_Process_2023","Negative Regulation Of Secretion By Cell (GO:1903531)","1/40","OSM","0.0450","0.1241","72.0","Positive"
"GO_Biological_Process_2023","Regulation Of Intracellular Signal Transduction (GO:1902531)","2/297","STK3;RNF41","0.0453","0.1241","19.7","Positive"
"GO_Biological_Process_2023","Negative Regulation Of Proteolysis (GO:0045861)","1/41","DNAJC1","0.0461","0.1241","69.7","Positive"
"GO_Biological_Process_2023","Regulation Of Endothelial Cell Apoptotic Process (GO:2000351)","1/43","FGG","0.0483","0.1241","65.4","Positive"
"GO_Biological_Process_2023","Positive Regulation Of MAPK Cascade (GO:0043410)","2/310","FGG;OSM","0.0489","0.1241","18.4","Positive"
"GO_Biological_Process_2023","Phosphatidylinositol Phosphate Biosynthetic Process (GO:0046854)","1/44","IP6K2","0.0494","0.1241","63.4","Positive"
"GO_Biological_Process_2023","Regulation Of Cellular Metabolic Process (GO:0031323)","1/45","RNF41","0.0505","0.1241","61.5","Positive"
"GO_Biological_Process_2023","Establishment Of Protein Localization To Extracellular Region (GO:0035592)","1/45","FGG","0.0505","0.1241","61.5","Positive"
"GO_Biological_Process_2023","Regulation Of Stem Cell Differentiation (GO:2000736)","1/45","OSM","0.0505","0.1241","61.5","Positive"
"GO_Biological_Process_2023","Mitotic Nuclear Division (GO:0140014)","1/45","NDC80","0.0505","0.1241","61.5","Positive"
"GO_Biological_Process_2023","Zymogen Activation (GO:0031638)","1/45","FGG","0.0505","0.1241","61.5","Positive"
"GO_Biological_Process_2023","B Cell Receptor Signaling Pathway (GO:0050853)","1/46","IGHM","0.0516","0.1241","59.7","Positive"
"GO_Biological_Process_2023","Positive Regulation Of Peptide Hormone Secretion (GO:0090277)","1/46","FGG","0.0516","0.1241","59.7","Positive"
"GO_Biological_Process_2023","Homotypic Cell-Cell Adhesion (GO:0034109)","1/46","FGG","0.0516","0.1241","59.7","Positive"
"GO_Biological_Process_2023","Positive Regulation Of Cell-Cell Adhesion (GO:0022409)","1/46","FGG","0.0516","0.1241","59.7","Positive"
"GO_Biological_Process_2023","Positive Regulation Of Cytokine Production (GO:0001819)","2/320","DEFA5;OSM","0.0518","0.1241","17.4","Positive"
"GO_Biological_Process_2023","Regulation Of Neuron Differentiation (GO:0045664)","1/79","MEF2C","0.0834","0.1248","30.2","Negative"
"GO_Biological_Process_2023","Positive Regulation Of Cytoskeleton Organization (GO:0051495)","1/79","CCL27","0.0834","0.1248","30.2","Negative"
"GO_Biological_Process_2023","Regulation Of Interleukin-8 Production (GO:0032677)","1/81","ZNF580","0.0855","0.1270","29.1","Negative"
"GO_Biological_Process_2023","Positive Regulation Of Reactive Oxygen Species Metabolic Process (GO:2000379)","1/48","RNF41","0.0538","0.1275","56.3","Positive"
"GO_Biological_Process_2023","Heterophilic Cell-Cell Adhesion Via Plasma Membrane Cell Adhesion Molecules (GO:0007157)","1/49","NECTIN4","0.0549","0.1275","54.8","Positive"
"GO_Biological_Process_2023","Mitotic Metaphase Plate Congression (GO:0007080)","1/50","NDC80","0.0560","0.1275","53.3","Positive"
"GO_Biological_Process_2023","Metaphase Plate Congression (GO:0051310)","1/51","NDC80","0.0571","0.1275","51.9","Positive"
"GO_Biological_Process_2023","Regulation Of Substrate Adhesion-Dependent Cell Spreading (GO:1900024)","1/51","FGG","0.0571","0.1275","51.9","Positive"
"GO_Biological_Process_2023","Regulation Of Proteolysis (GO:0030162)","1/52","DNAJC1","0.0582","0.1275","50.5","Positive"
"GO_Biological_Process_2023","Regulation Of Peptide Hormone Secretion (GO:0090276)","1/52","FGG","0.0582","0.1275","50.5","Positive"
"GO_Biological_Process_2023","Regulation Of Cell Development (GO:0060284)","1/52","MYSM1","0.0582","0.1275","50.5","Positive"
"GO_Biological_Process_2023","Protein Homotetramerization (GO:0051289)","1/53","DEFA5","0.0592","0.1275","49.2","Positive"
"GO_Biological_Process_2023","Regulation Of Alternative mRNA Splicing, Via Spliceosome (GO:0000381)","1/53","RBFOX1","0.0592","0.1275","49.2","Positive"
"GO_Biological_Process_2023","Regulation Of Exocytosis (GO:0017157)","1/54","FGG","0.0603","0.1286","48.0","Positive"
"GO_Biological_Process_2023","Positive Regulation Of Tyrosine Phosphorylation Of STAT Protein (GO:0042531)","1/55","OSM","0.0614","0.1293","46.8","Positive"
"GO_Biological_Process_2023","Regulation Of Reactive Oxygen Species Metabolic Process (GO:2000377)","1/56","RNF41","0.0625","0.1293","45.7","Positive"
"GO_Biological_Process_2023","Positive Regulation Of Cellular Metabolic Process (GO:0031325)","1/56","RNF41","0.0625","0.1293","45.7","Positive"
"GO_Biological_Process_2023","Selective Autophagy (GO:0061912)","1/58","STK3","0.0646","0.1308","43.5","Positive"
"GO_Biological_Process_2023","Microtubule Cytoskeleton Organization Involved In Mitosis (GO:1902850)","1/59","NDC80","0.0657","0.1308","42.5","Positive"
"GO_Biological_Process_2023","Positive Regulation Of Protein Binding (GO:0032092)","1/59","STK3","0.0657","0.1308","42.5","Positive"
"GO_Biological_Process_2023","Regulation Of Multicellular Organismal Development (GO:2000026)","1/59","MYSM1","0.0657","0.1308","42.5","Positive"
"GO_Biological_Process_2023","Regulation Of Osteoblast Differentiation (GO:0045667)","1/85","MEF2C","0.0895","0.1311","27.2","Negative"
"GO_Biological_Process_2023","Positive Regulation Of Endothelial Cell Migration (GO:0010595)","1/85","ZNF580","0.0895","0.1311","27.2","Negative"
"GO_Biological_Process_2023","Homophilic Cell Adhesion Via Plasma Membrane Adhesion Molecules (GO:0007156)","1/60","NECTIN4","0.0668","0.1317","41.5","Positive"
"GO_Biological_Process_2023","Positive Regulation Of Interleukin-8 Production (GO:0032757)","1/61","DEFA5","0.0679","0.1326","40.6","Positive"
"GO_Biological_Process_2023","Negative Regulation Of Cell Population Proliferation (GO:0008285)","2/379","OSM;RNF41","0.0698","0.1336","13.2","Positive"
"GO_Biological_Process_2023","Protein Polymerization (GO:0051258)","1/63","FGG","0.0700","0.1336","38.8","Positive"
"GO_Biological_Process_2023","Regulation Of Secretion By Cell (GO:1903530)","1/64","DNAJC1","0.0711","0.1336","38.0","Positive"
"GO_Biological_Process_2023","Response To Metal Ion (GO:0010038)","1/64","FGG","0.0711","0.1336","38.0","Positive"
"GO_Biological_Process_2023","Regulation Of Tyrosine Phosphorylation Of STAT Protein (GO:0042509)","1/65","OSM","0.0722","0.1336","37.2","Positive"
"GO_Biological_Process_2023","Antimicrobial Humoral Immune Response Mediated By Antimicrobial Peptide (GO:0061844)","1/65","DEFA5","0.0722","0.1336","37.2","Positive"
"GO_Biological_Process_2023","Regulation Of Endothelial Cell Migration (GO:0010594)","1/88","ZNF580","0.0925","0.1336","25.9","Negative"
"GO_Biological_Process_2023","Negative Regulation Of Neuron Death (GO:1901215)","1/88","MEF2C","0.0925","0.1336","25.9","Negative"
"GO_Biological_Process_2023","Extrinsic Apoptotic Signaling Pathway (GO:0097191)","1/67","RNF41","0.0743","0.1352","35.6","Positive"
"GO_Biological_Process_2023","Protein Secretion (GO:0009306)","1/67","FGG","0.0743","0.1352","35.6","Positive"
"GO_Biological_Process_2023","Positive Regulation Of MAP Kinase Activity (GO:0043406)","1/91","MEF2C","0.0955","0.1357","24.7","Negative"
"GO_Biological_Process_2023","B Cell Activation (GO:0042113)","1/92","MEF2C","0.0965","0.1357","24.3","Negative"
"GO_Biological_Process_2023","Positive Regulation Of Gene Expression (GO:0010628)","2/480","MEF2C;ZNF580","0.0969","0.1357","9.5","Negative"
"GO_Biological_Process_2023","Regulation Of Endothelial Cell Proliferation (GO:0001936)","1/93","ZNF580","0.0975","0.1357","24.0","Negative"
"GO_Biological_Process_2023","Positive Regulation Of Cell Population Proliferation (GO:0008284)","2/483","BTC;MEF2C","0.0979","0.1357","9.4","Negative"
"GO_Biological_Process_2023","Cellular Response To Hormone Stimulus (GO:0032870)","1/94","MEF2C","0.0985","0.1357","23.6","Negative"
"GO_Biological_Process_2023","Regulation Of mRNA Splicing, Via Spliceosome (GO:0048024)","1/94","FAM172A","0.0985","0.1357","23.6","Negative"
"GO_Biological_Process_2023","Positive Regulation Of Phosphatidylinositol 3-Kinase Signaling (GO:0014068)","1/69","OSM","0.0765","0.1360","34.2","Positive"
"GO_Biological_Process_2023","Negative Regulation Of Extrinsic Apoptotic Signaling Pathway (GO:2001237)","1/70","FGG","0.0775","0.1360","33.5","Positive"
"GO_Biological_Process_2023","Positive Regulation Of Protein Transport (GO:0051222)","1/70","FGG","0.0775","0.1360","33.5","Positive"
"GO_Biological_Process_2023","Protein Autoubiquitination (GO:0051865)","1/71","RNF41","0.0786","0.1360","32.9","Positive"
"GO_Biological_Process_2023","Positive Regulation Of Cell-Substrate Adhesion (GO:0010811)","1/71","FGG","0.0786","0.1360","32.9","Positive"
"GO_Biological_Process_2023","Cellular Response To Oxygen-Containing Compound (GO:1901701)","2/406","DEFA5;IP6K2","0.0786","0.1360","11.7","Positive"
"GO_Biological_Process_2023","Positive Regulation Of Epithelial Cell Migration (GO:0010634)","1/95","ZNF580","0.0995","0.1362","23.2","Negative"
"GO_Biological_Process_2023","Cellular Response To Transforming Growth Factor Beta Stimulus (GO:0071560)","1/96","MEF2C","0.1005","0.1366","22.9","Negative"
"GO_Biological_Process_2023","Protein Tetramerization (GO:0051262)","1/73","DEFA5","0.0807","0.1373","31.6","Positive"
"GO_Biological_Process_2023","Positive Regulation Of Secretion By Cell (GO:1903532)","1/73","FGG","0.0807","0.1373","31.6","Positive"
"GO_Biological_Process_2023","Import Into Nucleus (GO:0051170)","1/74","STK3","0.0818","0.1380","31.0","Positive"
"GO_Biological_Process_2023","MAPK Cascade (GO:0000165)","1/98","MEF2C","0.1025","0.1384","22.2","Negative"
"GO_Molecular_Function_2023","Cysteine-Type Endopeptidase Inhibitor Activity (GO:0004869)","1/22","PTTG1","0.0239","0.1399","168.9","Negative"
"GO_Molecular_Function_2023","Epidermal Growth Factor Receptor Binding (GO:0005154)","1/25","BTC","0.0272","0.1399","142.8","Negative"
"GO_Molecular_Function_2023","Protein Tyrosine Kinase Activator Activity (GO:0030296)","1/29","BTC","0.0314","0.1399","117.4","Negative"
"GO_Molecular_Function_2023","DNA Secondary Structure Binding (GO:0000217)","1/33","MEF2C","0.0357","0.1399","98.9","Negative"
"GO_Molecular_Function_2023","Regulatory RNA Binding (GO:0061980)","1/42","FAM172A","0.0452","0.1399","71.7","Negative"
"GO_Molecular_Function_2023","CCR Chemokine Receptor Binding (GO:0048020)","1/44","CCL27","0.0473","0.1399","67.4","Negative"
"GO_Molecular_Function_2023","Chemokine Activity (GO:0008009)","1/46","CCL27","0.0494","0.1399","63.4","Negative"
"GO_Molecular_Function_2023","Chemokine Receptor Binding (GO:0042379)","1/50","CCL27","0.0536","0.1399","56.7","Negative"
"GO_Molecular_Function_2023","DNA-binding Transcription Activator Activity, RNA Polymerase II-specific (GO:0001228)","2/348","MEF2C;ZNF580","0.0555","0.1399","16.4","Negative"
"GO_Molecular_Function_2023","Serine-Type Endopeptidase Inhibitor Activity (GO:0004867)","1/53","SERPINA3","0.0567","0.1399","52.4","Negative"
"GO_Biological_Process_2023","Positive Regulation Of Protein Secretion (GO:0050714)","1/76","FGG","0.0839","0.1405","29.9","Positive"
"GO_Biological_Process_2023","Proteolysis Involved In Protein Catabolic Process (GO:0051603)","1/78","RNF41","0.0860","0.1424","28.8","Positive"
"GO_Biological_Process_2023","Protein Import Into Nucleus (GO:0006606)","1/79","STK3","0.0871","0.1424","28.3","Positive"
"GO_Biological_Process_2023","Positive Regulation Of Catabolic Process (GO:0009896)","1/79","RNF41","0.0871","0.1424","28.3","Positive"
"Reactome_2022","MECP2 Regulates Transcription Factors R-HSA-9022707","1/5","MEF2C","0.0055","0.1439","1237.7","Negative"
"Reactome_2022","Inhibition Of Signaling By Overexpressed EGFR R-HSA-5638303","1/8","BTC","0.0088","0.1439","643.5","Negative"
"Reactome_2022","EGFR Interacts With Phospholipase C-gamma R-HSA-212718","1/9","BTC","0.0099","0.1439","549.1","Negative"
"Reactome_2022","PI3K Events In ERBB4 Signaling R-HSA-1250342","1/10","BTC","0.0109","0.1439","477.0","Negative"
"Reactome_2022","GRB2 Events In EGFR Signaling R-HSA-179812","1/12","BTC","0.0131","0.1439","374.6","Negative"
"Reactome_2022","SHC1 Events In EGFR Signaling R-HSA-180336","1/13","BTC","0.0142","0.1439","337.0","Negative"
"Reactome_2022","SHC1 Events In ERBB4 Signaling R-HSA-1250347","1/13","BTC","0.0142","0.1439","337.0","Negative"
"Reactome_2022","ERBB2 Activates PTK6 Signaling R-HSA-8847993","1/13","BTC","0.0142","0.1439","337.0","Negative"
"Reactome_2022","GRB2 Events In ERBB2 Signaling R-HSA-1963640","1/15","BTC","0.0164","0.1439","279.2","Negative"
"Reactome_2022","ERBB2 Regulates Cell Motility R-HSA-6785631","1/15","BTC","0.0164","0.1439","279.2","Negative"
"Reactome_2022","PI3K Events In ERBB2 Signaling R-HSA-1963642","1/16","BTC","0.0175","0.1439","256.5","Negative"
"Reactome_2022","GAB1 Signalosome R-HSA-180292","1/17","BTC","0.0185","0.1439","236.9","Negative"
"Reactome_2022","TNF Receptor Superfamily (TNFSF) Members Mediating Non-Canonical NF-kB Pathway R-HSA-5676594","1/17","LTBR","0.0185","0.1439","236.9","Negative"
"Reactome_2022","SHC1 Events In ERBB2 Signaling R-HSA-1250196","1/21","BTC","0.0229","0.1439","179.5","Negative"
"Reactome_2022","Signaling By ERBB2 TMD/JMD Mutants R-HSA-9665686","1/21","BTC","0.0229","0.1439","179.5","Negative"
"Reactome_2022","ERK/MAPK Targets R-HSA-198753","1/22","MEF2C","0.0239","0.1439","168.9","Negative"
"Reactome_2022","Signaling By EGFR In Cancer R-HSA-1643713","1/24","BTC","0.0261","0.1439","150.7","Negative"
"Reactome_2022","Signaling By ERBB2 KD Mutants R-HSA-9664565","1/24","BTC","0.0261","0.1439","150.7","Negative"
"Reactome_2022","Estrogen-dependent Nuclear Events Downstream Of ESR-membrane Signaling R-HSA-9634638","1/24","BTC","0.0261","0.1439","150.7","Negative"
"Reactome_2022","Signaling By ERBB2 In Cancer R-HSA-1227990","1/25","BTC","0.0272","0.1439","142.8","Negative"
"GO_Biological_Process_2023","Regulation Of Interleukin-8 Production (GO:0032677)","1/81","DEFA5","0.0892","0.1447","27.3","Positive"
"GO_Biological_Process_2023","Cellular Response To Organonitrogen Compound (GO:0071417)","1/105","MEF2C","0.1094","0.1449","20.1","Negative"
"GO_Biological_Process_2023","Positive Regulation Of Stress-Activated MAPK Cascade (GO:0032874)","1/105","LTBR","0.1094","0.1449","20.1","Negative"
"GO_Biological_Process_2023","Regulation Of Neuron Apoptotic Process (GO:0043523)","1/105","MEF2C","0.1094","0.1449","20.1","Negative"
"GO_Biological_Process_2023","Response To Calcium Ion (GO:0051592)","1/106","MEF2C","0.1104","0.1453","19.9","Negative"
"Reactome_2022","Myogenesis R-HSA-525793","1/29","MEF2C","0.0314","0.1468","117.4","Negative"
"Reactome_2022","Downregulation Of ERBB2 Signaling R-HSA-8863795","1/29","BTC","0.0314","0.1468","117.4","Negative"
"Reactome_2022","MAPK Targets/ Nuclear Events Mediated By MAP Kinases R-HSA-450282","1/30","MEF2C","0.0325","0.1468","112.2","Negative"
"Reactome_2022","EGFR Downregulation R-HSA-182971","1/31","BTC","0.0336","0.1468","107.5","Negative"
"Reactome_2022","Nuclear Signaling By ERBB4 R-HSA-1251985","1/32","BTC","0.0346","0.1468","103.0","Negative"
"GO_Biological_Process_2023","Establishment Of Protein Localization To Organelle (GO:0072594)","1/85","STK3","0.0934","0.1481","25.5","Positive"
"GO_Biological_Process_2023","Mitotic Spindle Organization (GO:0007052)","1/85","NDC80","0.0934","0.1481","25.5","Positive"
"GO_Biological_Process_2023","Defense Response To Gram-positive Bacterium (GO:0050830)","1/85","DEFA5","0.0934","0.1481","25.5","Positive"
"GO_Biological_Process_2023","Cellular Response To Salt (GO:1902075)","1/109","MEF2C","0.1133","0.1483","19.1","Negative"
"GO_Biological_Process_2023","Regulation Of JNK Cascade (GO:0046328)","1/110","LTBR","0.1143","0.1486","18.8","Negative"
"GO_Molecular_Function_2023","Peptidoglycan Binding (GO:0042834)","1/15","IGHM","0.0171","0.1498","263.6","Positive"
"WikiPathway_2023_Human","SRF And miRs In Smooth Muscle Differentiation And Proliferation WP1991","1/12","MEF2C","0.0131","0.1513","374.6","Negative"
"WikiPathway_2023_Human","Regulation Of Sister Chromatid Separation At The Metaphase Anaphase Transition WP4240","1/15","PTTG1","0.0164","0.1513","279.2","Negative"
"WikiPathway_2023_Human","Cell Differentiation Expanded Index WP2023","1/21","MEF2C","0.0229","0.1513","179.5","Negative"
"WikiPathway_2023_Human","NAD Metabolism In Oncogene Induced Senescence And Mitochondrial Dysfunction Associated Senescence WP5046","1/22","CCL27","0.0239","0.1513","168.9","Negative"
"WikiPathway_2023_Human","13Q12 12 Copy Number Variation WP5406","1/32","C1QTNF9","0.0346","0.1513","103.0","Negative"
"WikiPathway_2023_Human","Prion Disease Pathway WP3995","1/32","MEF2C","0.0346","0.1513","103.0","Negative"
"WikiPathway_2023_Human","Cohesin Complex Cornelia De Lange Syndrome WP5117","1/34","PTTG1","0.0368","0.1513","95.1","Negative"
"WikiPathway_2023_Human","Heart Development WP1591","1/44","MEF2C","0.0473","0.1513","67.4","Negative"
"WikiPathway_2023_Human","Energy Metabolism WP1541","1/48","MEF2C","0.0515","0.1513","59.9","Negative"
"WikiPathway_2023_Human","Rett Syndrome Causing Genes WP4312","1/48","MEF2C","0.0515","0.1513","59.9","Negative"
"WikiPathway_2023_Human","Vitamin B12 Metabolism WP1533","1/50","SERPINA3","0.0536","0.1513","56.7","Negative"
"WikiPathway_2023_Human","Cardiac Progenitor Differentiation WP2406","1/53","MEF2C","0.0567","0.1513","52.4","Negative"
"GO_Biological_Process_2023","Regulation Of MAP Kinase Activity (GO:0043405)","1/114","MEF2C","0.1182","0.1527","17.9","Negative"
"GO_Biological_Process_2023","Protein Maturation (GO:0051604)","1/117","MMEL1","0.1212","0.1527","17.2","Negative"
"GO_Biological_Process_2023","Protein Processing (GO:0016485)","1/117","MMEL1","0.1212","0.1527","17.2","Negative"
"GO_Biological_Process_2023","Cellular Response To Molecule Of Bacterial Origin (GO:0071219)","1/117","MEF2C","0.1212","0.1527","17.2","Negative"
"GO_Biological_Process_2023","Positive Regulation Of Protein Serine/Threonine Kinase Activity (GO:0071902)","1/117","MEF2C","0.1212","0.1527","17.2","Negative"
"WikiPathway_2023_Human","COVID 19 Thrombosis And Anticoagulation WP4927","1/7","FGG","0.0080","0.1527","730.1","Positive"
"WikiPathway_2023_Human","Transcription Co Factors SKI And SKIL Protein Partners WP4533","1/18","STK3","0.0205","0.1527","207.4","Positive"
"WikiPathway_2023_Human","Blood Clotting Cascade WP272","1/22","FGG","0.0250","0.1527","159.3","Positive"
"WikiPathway_2023_Human","Hippo YAP Signaling WP4537","1/22","STK3","0.0250","0.1527","159.3","Positive"
"WikiPathway_2023_Human","Complement Activation WP545","1/23","C1QC","0.0261","0.1527","150.3","Positive"
"WikiPathway_2023_Human","Leukocyte Intrinsic Hippo Pathway Functions WP4542","1/34","STK3","0.0384","0.1527","89.5","Positive"
"WikiPathway_2023_Human","Immune Infiltration In Pancreatic Cancer WP5285","1/39","REG4","0.0439","0.1527","74.5","Positive"
"WikiPathway_2023_Human","Microglia Pathogen Phagocytosis Pathway WP3937","1/40","C1QC","0.0450","0.1527","72.0","Positive"
"WikiPathway_2023_Human","Oxidative Damage Response WP3941","1/40","C1QC","0.0450","0.1527","72.0","Positive"
"WikiPathway_2023_Human","Fibrin Complement Receptor 3 Signaling Pathway WP4136","1/42","FGG","0.0472","0.1527","67.5","Positive"
"WikiPathway_2023_Human","Mechanoregulation And Pathology Of YAP TAZ Via Hippo And Non Hippo Mechanisms WP4534","1/47","STK3","0.0527","0.1527","58.0","Positive"
"WikiPathway_2023_Human","Pancreatic Cancer Subtypes WP5390","1/48","REG4","0.0538","0.1527","56.3","Positive"
"WikiPathway_2023_Human","DNA IR Double Strand Breaks And Cellular Response Via ATM WP3959","1/55","STK3","0.0614","0.1527","46.8","Positive"
"WikiPathway_2023_Human","Oncostatin M Signaling Pathway WP2374","1/56","OSM","0.0625","0.1527","45.7","Positive"
"WikiPathway_2023_Human","Complement And Coagulation Cascades WP558","1/58","C1QC","0.0646","0.1527","43.5","Positive"
"WikiPathway_2023_Human","TYROBP Causal Network In Microglia WP3945","1/61","C1QC","0.0679","0.1527","40.6","Positive"
"GO_Biological_Process_2023","Positive Regulation Of Peptidyl-Serine Phosphorylation (GO:0033138)","1/89","OSM","0.0975","0.1530","23.9","Positive"
"GO_Biological_Process_2023","Regulation Of Peptidyl-Tyrosine Phosphorylation (GO:0050730)","1/90","OSM","0.0986","0.1530","23.5","Positive"
"GO_Biological_Process_2023","Regulation Of Phosphatidylinositol 3-Kinase Signaling (GO:0014066)","1/90","OSM","0.0986","0.1530","23.5","Positive"
"GO_Biological_Process_2023","Positive Regulation Of Cell Cycle Process (GO:0090068)","1/118","BTC","0.1221","0.1530","17.0","Negative"
"GO_Biological_Process_2023","Positive Regulation Of Binding (GO:0051099)","1/91","STK3","0.0996","0.1533","23.2","Positive"
"GO_Biological_Process_2023","Positive Regulation Of Protein Catabolic Process (GO:0045732)","1/92","RNF41","0.1007","0.1533","22.8","Positive"
"GO_Biological_Process_2023","Positive Regulation Of Protein Kinase B Signaling (GO:0051897)","1/93","OSM","0.1017","0.1533","22.5","Positive"
"GO_Biological_Process_2023","Regulation Of Peptidyl-Serine Phosphorylation (GO:0033135)","1/93","OSM","0.1017","0.1533","22.5","Positive"
"WikiPathway_2023_Human","Endochondral Ossification WP474","1/63","MEF2C","0.0671","0.1533","41.3","Negative"
"WikiPathway_2023_Human","Endochondral Ossification With Skeletal Dysplasias WP4808","1/63","MEF2C","0.0671","0.1533","41.3","Negative"
"GO_Biological_Process_2023","Regulation Of mRNA Splicing, Via Spliceosome (GO:0048024)","1/94","RBFOX1","0.1027","0.1538","22.1","Positive"
"WikiPathway_2023_Human","Folate Metabolism WP176","1/68","SERPINA3","0.0722","0.1541","37.2","Negative"
"WikiPathway_2023_Human","MECP2 And Associated Rett Syndrome WP3584","1/73","MEF2C","0.0773","0.1547","33.7","Negative"
"WikiPathway_2023_Human","Folate Metabolism WP176","1/68","FGG","0.0754","0.1548","34.9","Positive"
"WikiPathway_2023_Human","MECP2 And Associated Rett Syndrome WP3584","1/73","RBFOX1","0.0807","0.1548","31.6","Positive"
"WikiPathway_2023_Human","Disturbed Pathways In Duchenne Muscular Dystrophy WP5356","1/74","FGG","0.0818","0.1548","31.0","Positive"
"WikiPathway_2023_Human","Regulatory Circuits Of The STAT3 Signaling Pathway WP4538","1/78","IL20RB","0.0860","0.1548","28.8","Positive"
"GO_Biological_Process_2023","Modulation Of Chemical Synaptic Transmission (GO:0050804)","1/123","MEF2C","0.1270","0.1565","16.0","Negative"
"GO_Biological_Process_2023","Positive Regulation Of Epithelial Cell Proliferation (GO:0050679)","1/123","ZNF580","0.1270","0.1565","16.0","Negative"
"GO_Biological_Process_2023","Cellular Response To Lipopolysaccharide (GO:0071222)","1/124","MEF2C","0.1279","0.1565","15.8","Negative"
"GO_Biological_Process_2023","Positive Regulation Of Defense Response (GO:0031349)","1/124","MEF2C","0.1279","0.1565","15.8","Negative"
"GO_Biological_Process_2023","Phosphatidylinositol Biosynthetic Process (GO:0006661)","1/98","IP6K2","0.1069","0.1588","20.8","Positive"
"GO_Biological_Process_2023","Regulation Of Anatomical Structure Morphogenesis (GO:0022603)","1/127","MEF2C","0.1308","0.1591","15.3","Negative"
"GO_Molecular_Function_2023","Phosphotransferase Activity, Phosphate Group As Acceptor (GO:0016776)","1/20","IP6K2","0.0228","0.1593","180.6","Positive"
"WikiPathway_2023_Human","Selenium Micronutrient Network WP15","1/86","FGG","0.0944","0.1603","25.1","Positive"
"WikiPathway_2023_Human","Allograft Rejection WP2328","1/90","C1QC","0.0986","0.1603","23.5","Positive"
"WikiPathway_2023_Human","Complement System WP2806","1/95","FGG","0.1038","0.1603","21.8","Positive"
"WikiPathway_2023_Human","Hippo Signaling Regulation Pathways WP4540","1/98","STK3","0.1069","0.1603","20.8","Positive"
"Reactome_2022","MECP2 Regulates Transcription Factors R-HSA-9022707","1/5","RBFOX1","0.0057","0.1631","1171.3","Positive"
"Reactome_2022","Classical Antibody-Mediated Complement Activation R-HSA-173623","1/6","C1QC","0.0069","0.1631","904.0","Positive"
"Reactome_2022","Digestion Of Dietary Lipid R-HSA-192456","1/7","CLPS","0.0080","0.1631","730.1","Positive"
"Reactome_2022","Nectin/Necl Trans Heterodimerization R-HSA-420597","1/7","NECTIN4","0.0080","0.1631","730.1","Positive"
"Reactome_2022","Alpha-defensins R-HSA-1462054","1/8","DEFA5","0.0092","0.1631","608.5","Positive"
"Reactome_2022","Downregulation Of ERBB2:ERBB3 Signaling R-HSA-1358803","1/13","RNF41","0.0149","0.1631","318.4","Positive"
"Reactome_2022","Creation Of C4 And C2 Activators R-HSA-166786","1/14","C1QC","0.0160","0.1631","288.7","Positive"
"Reactome_2022","p130Cas Linkage To MAPK Signaling For Integrins R-HSA-372708","1/15","FGG","0.0171","0.1631","263.6","Positive"
"Reactome_2022","GRB2:SOS Provides Linkage To MAPK Signaling For Integrins R-HSA-354194","1/15","FGG","0.0171","0.1631","263.6","Positive"
"Reactome_2022","MyD88 Deficiency (TLR2/4) R-HSA-5602498","1/17","FGG","0.0194","0.1631","223.6","Positive"
"Reactome_2022","Immune System R-HSA-168256","6/1943","DEFA5;FGG;IL20RB;RNF41;C1QC;IP6K2","0.0198","0.1631","12.9","Positive"
"Reactome_2022","Regulation Of TLR By Endogenous Ligand R-HSA-5686938","1/18","FGG","0.0205","0.1631","207.4","Positive"
"Reactome_2022","IRAK4 Deficiency (TLR2/4) R-HSA-5603041","1/18","FGG","0.0205","0.1631","207.4","Positive"
"Reactome_2022","Initial Triggering Of Complement R-HSA-166663","1/21","C1QC","0.0239","0.1631","169.4","Positive"
"Reactome_2022","Common Pathway Of Fibrin Clot Formation R-HSA-140875","1/22","FGG","0.0250","0.1631","159.3","Positive"
"Reactome_2022","Digestion R-HSA-8935690","1/23","CLPS","0.0261","0.1631","150.3","Positive"
"Reactome_2022","Interleukin-20 Family Signaling R-HSA-8854691","1/26","IL20RB","0.0295","0.1631","127.8","Positive"
"Reactome_2022","Integrin Signaling R-HSA-354192","1/27","FGG","0.0306","0.1631","121.6","Positive"
"Reactome_2022","Digestion And Absorption R-HSA-8963743","1/28","CLPS","0.0317","0.1631","115.9","Positive"
"Reactome_2022","Adherens Junctions Interactions R-HSA-418990","1/29","NECTIN4","0.0328","0.1631","110.6","Positive"
"Reactome_2022","Downregulation Of ERBB2 Signaling R-HSA-8863795","1/29","RNF41","0.0328","0.1631","110.6","Positive"
"Reactome_2022","Metalloprotease DUBs R-HSA-5689901","1/31","MYSM1","0.0351","0.1631","101.3","Positive"
"Reactome_2022","Diseases Associated With TLR Signaling Cascade R-HSA-5602358","1/31","FGG","0.0351","0.1631","101.3","Positive"
"Reactome_2022","Signaling By High-Kinase Activity BRAF Mutants R-HSA-6802948","1/33","FGG","0.0373","0.1631","93.2","Positive"
"Reactome_2022","Platelet Aggregation (Plug Formation) R-HSA-76009","1/36","FGG","0.0406","0.1631","83.0","Positive"
"Reactome_2022","Formation Of Fibrin Clot (Clotting Cascade) R-HSA-140877","1/37","FGG","0.0417","0.1631","80.0","Positive"
"Reactome_2022","MAP2K And MAPK Activation R-HSA-5674135","1/37","FGG","0.0417","0.1631","80.0","Positive"
"Reactome_2022","Signaling By RAF1 Mutants R-HSA-9656223","1/38","FGG","0.0428","0.1631","77.2","Positive"
"Reactome_2022","Paradoxical Activation Of RAF Signaling By Kinase Inactive BRAF R-HSA-6802955","1/41","FGG","0.0461","0.1631","69.7","Positive"
"Reactome_2022","Retinoid Metabolism And Transport R-HSA-975634","1/43","CLPS","0.0483","0.1631","65.4","Positive"
"Reactome_2022","Defensins R-HSA-1461973","1/43","DEFA5","0.0483","0.1631","65.4","Positive"
"Reactome_2022","Regulation Of Complement Cascade R-HSA-977606","1/45","C1QC","0.0505","0.1631","61.5","Positive"
"Reactome_2022","Metabolism Of Fat-Soluble Vitamins R-HSA-6806667","1/47","CLPS","0.0527","0.1631","58.0","Positive"
"Reactome_2022","SARS-CoV-2 Modulates Host Translation Machinery R-HSA-9754678","1/47","GEMIN7","0.0527","0.1631","58.0","Positive"
"Reactome_2022","Inositol Phosphate Metabolism R-HSA-1483249","1/48","IP6K2","0.0538","0.1631","56.3","Positive"
"Reactome_2022","Signaling By ERBB2 R-HSA-1227986","1/49","RNF41","0.0549","0.1631","54.8","Positive"
"GO_Biological_Process_2023","Protein Catabolic Process (GO:0030163)","1/102","RNF41","0.1110","0.1638","19.7","Positive"
"GO_Biological_Process_2023","Circulatory System Development (GO:0072359)","1/132","MEF2C","0.1356","0.1640","14.4","Negative"
"GO_Biological_Process_2023","Macroautophagy (GO:0016236)","1/104","STK3","0.1131","0.1645","19.1","Positive"
"GO_Biological_Process_2023","Positive Regulation Of Inflammatory Response (GO:0050729)","1/104","OSM","0.1131","0.1645","19.1","Positive"
"GO_Biological_Process_2023","Antigen Receptor-Mediated Signaling Pathway (GO:0050851)","1/134","MEF2C","0.1375","0.1654","14.1","Negative"
"GO_Biological_Process_2023","Cellular Response To Metal Ion (GO:0071248)","1/135","MEF2C","0.1385","0.1656","13.9","Negative"
"WikiPathway_2023_Human","Complement System In Neuronal Development And Plasticity WP5090","1/106","C1QC","0.1151","0.1658","18.6","Positive"
"GO_Biological_Process_2023","Response To Calcium Ion (GO:0051592)","1/106","FGG","0.1151","0.1664","18.6","Positive"
"WikiPathway_2023_Human","Selenium Micronutrient Network WP15","1/86","SERPINA3","0.0905","0.1680","26.8","Negative"
"WikiPathway_2023_Human","ErbB Signaling Pathway WP673","1/90","BTC","0.0945","0.1680","25.1","Negative"
"Reactome_2022","Metabolism Of Non-Coding RNA R-HSA-194441","1/52","GEMIN7","0.0582","0.1682","50.5","Positive"
"GO_Biological_Process_2023","Cell-Matrix Adhesion (GO:0007160)","1/109","FGG","0.1182","0.1696","17.9","Positive"
"GO_Biological_Process_2023","Mitotic Sister Chromatid Segregation (GO:0000070)","1/111","NDC80","0.1202","0.1714","17.4","Positive"
"Reactome_2022","Complement Cascade R-HSA-166658","1/55","C1QC","0.0614","0.1728","46.8","Positive"
"Reactome_2022","tRNA Processing In Nucleus R-HSA-6784531","1/57","TSEN15","0.0636","0.1728","44.6","Positive"
"Reactome_2022","Transcriptional Regulation By MECP2 R-HSA-8986944","1/60","RBFOX1","0.0668","0.1728","41.5","Positive"
"Reactome_2022","Cell-cell Junction Organization R-HSA-421270","1/61","NECTIN4","0.0679","0.1728","40.6","Positive"
"Reactome_2022","Signaling By BRAF And RAF1 Fusions R-HSA-6802952","1/62","FGG","0.0690","0.1728","39.7","Positive"
"Reactome_2022","Class I MHC Mediated Antigen Processing And Presentation R-HSA-983169","2/378","FGG;RNF41","0.0695","0.1728","13.2","Positive"
"KEGG_2021_Human","Coronavirus disease","2/232","FGG;C1QC","0.0289","0.1733","29.0","Positive"
"GO_Biological_Process_2023","Negative Regulation Of Canonical Wnt Signaling Pathway (GO:0090090)","1/114","STK3","0.1233","0.1746","16.7","Positive"
"GO_Biological_Process_2023","Cellular Response To Molecule Of Bacterial Origin (GO:0071219)","1/117","DEFA5","0.1263","0.1767","16.1","Positive"
"GO_Biological_Process_2023","Regulation Of Protein Binding (GO:0043393)","1/118","STK3","0.1273","0.1767","15.9","Positive"
"GO_Biological_Process_2023","Positive Regulation Of Cell Cycle Process (GO:0090068)","1/118","NDC80","0.1273","0.1767","15.9","Positive"
"Reactome_2022","Integrin Cell Surface Interactions R-HSA-216083","1/66","FGG","0.0732","0.1781","36.4","Positive"
"WikiPathway_2023_Human","Hippo Merlin Signaling Dysregulation WP4541","1/120","STK3","0.1293","0.1791","15.5","Positive"
"GO_Biological_Process_2023","Regulation Of Protein Catabolic Process (GO:0042176)","1/122","RNF41","0.1313","0.1792","15.1","Positive"
"GO_Biological_Process_2023","Protein Localization To Nucleus (GO:0034504)","1/122","STK3","0.1313","0.1792","15.1","Positive"
"GO_Biological_Process_2023","Negative Regulation Of Growth (GO:0045926)","1/124","IP6K2","0.1334","0.1792","14.8","Positive"
"GO_Biological_Process_2023","Cellular Response To Lipopolysaccharide (GO:0071222)","1/124","DEFA5","0.1334","0.1792","14.8","Positive"
"GO_Biological_Process_2023","Positive Regulation Of Defense Response (GO:0031349)","1/124","OSM","0.1334","0.1792","14.8","Positive"
"GO_Biological_Process_2023","Negative Regulation Of Cell Growth (GO:0030308)","1/125","IP6K2","0.1344","0.1794","14.6","Positive"
"GO_Biological_Process_2023","Protein-Containing Complex Organization (GO:0043933)","1/126","FGG","0.1354","0.1796","14.4","Positive"
"WikiPathway_2023_Human","Gastrin Signaling Pathway WP4659","1/115","MEF2C","0.1192","0.1797","17.6","Negative"
"WikiPathway_2023_Human","Cell Cycle WP179","1/120","PTTG1","0.1241","0.1797","16.6","Negative"
"WikiPathway_2023_Human","Overview Of Proinflammatory And Profibrotic Mediators WP5095","1/129","CCL27","0.1328","0.1797","14.9","Negative"
"WikiPathway_2023_Human","Adipogenesis WP236","1/131","MEF2C","0.1347","0.1797","14.6","Negative"
"WikiPathway_2023_Human","TGF Beta Signaling Pathway WP366","1/132","MEF2C","0.1356","0.1797","14.4","Negative"
"WikiPathway_2023_Human","2Q37 Copy Number Variation Syndrome WP5224","1/135","MEF2C","0.1385","0.1797","13.9","Negative"
"WikiPathway_2023_Human","Brain Derived Neurotrophic Factor BDNF Signaling Pathway WP2380","1/137","MEF2C","0.1404","0.1797","13.6","Negative"
"WikiPathway_2023_Human","Overview Of Proinflammatory And Profibrotic Mediators WP5095","1/129","OSM","0.1384","0.1804","13.9","Positive"
"WikiPathway_2023_Human","Adipogenesis WP236","1/131","OSM","0.1403","0.1804","13.6","Positive"
"WikiPathway_2023_Human","Measles Virus Infection WP4630","1/136","NECTIN4","0.1453","0.1804","12.9","Positive"
"GO_Biological_Process_2023","Neuron Development (GO:0048666)","1/150","MEF2C","0.1527","0.1815","11.9","Negative"
"GO_Biological_Process_2023","Protein Homooligomerization (GO:0051260)","1/129","DEFA5","0.1384","0.1825","13.9","Positive"
"GO_Biological_Process_2023","Positive Regulation Of Peptidyl-Tyrosine Phosphorylation (GO:0050731)","1/130","OSM","0.1394","0.1826","13.8","Positive"
"GO_Biological_Process_2023","Cellular Response To Organic Cyclic Compound (GO:0071407)","1/152","MEF2C","0.1546","0.1827","11.7","Negative"
"GO_Biological_Process_2023","Synapse Organization (GO:0050808)","1/131","C1QC","0.1403","0.1828","13.6","Positive"
"GO_Biological_Process_2023","Negative Regulation Of Cell Motility (GO:2000146)","1/133","RNF41","0.1423","0.1843","13.3","Positive"
"GO_Biological_Process_2023","Antigen Receptor-Mediated Signaling Pathway (GO:0050851)","1/134","IGHM","0.1433","0.1844","13.2","Positive"
"GO_Biological_Process_2023","Cellular Response To Growth Factor Stimulus (GO:0071363)","1/155","MEF2C","0.1574","0.1850","11.3","Negative"
"GO_Biological_Process_2023","Response To Lipopolysaccharide (GO:0032496)","1/159","MEF2C","0.1611","0.1883","10.9","Negative"
"Reactome_2022","Regulation Of Complement Cascade R-HSA-977606","1/45","CFHR3","0.0484","0.1892","65.3","Negative"
"Reactome_2022","Heme Signaling R-HSA-9707616","1/45","MEF2C","0.0484","0.1892","65.3","Negative"
"Reactome_2022","Signaling By EGFR R-HSA-177929","1/49","BTC","0.0526","0.1892","58.2","Negative"
"Reactome_2022","Signaling By ERBB2 R-HSA-1227986","1/49","BTC","0.0526","0.1892","58.2","Negative"
"Reactome_2022","Transcriptional Activation Of Mitochondrial Biogenesis R-HSA-2151201","1/52","MEF2C","0.0557","0.1892","53.7","Negative"
"Reactome_2022","Signaling By Non-Receptor Tyrosine Kinases R-HSA-9006927","1/52","BTC","0.0557","0.1892","53.7","Negative"
"Reactome_2022","Complement Cascade R-HSA-166658","1/55","CFHR3","0.0588","0.1892","49.8","Negative"
"Reactome_2022","Chemokine Receptors Bind Chemokines R-HSA-380108","1/56","CCL27","0.0599","0.1892","48.6","Negative"
"Reactome_2022","Signaling By ERBB4 R-HSA-1236394","1/57","BTC","0.0609","0.1892","47.4","Negative"
"Reactome_2022","Transcriptional Regulation By MECP2 R-HSA-8986944","1/60","MEF2C","0.0640","0.1892","44.2","Negative"
"Reactome_2022","Nuclear Events (Kinase And Transcription Factor Activation) R-HSA-198725","1/61","MEF2C","0.0650","0.1892","43.2","Negative"
"Reactome_2022","MAP Kinase Activation R-HSA-450294","1/62","MEF2C","0.0661","0.1892","42.2","Negative"
"Reactome_2022","Interferon Alpha/Beta Signaling R-HSA-909733","1/72","IP6K2","0.0796","0.1894","32.2","Positive"
"WikiPathway_2023_Human","Sudden Infant Death Syndrome SIDS Susceptibility Pathways WP706","1/157","MEF2C","0.1593","0.1905","11.1","Negative"
"WikiPathway_2023_Human","EGF EGFR Signaling Pathway WP437","1/159","MEF2C","0.1611","0.1905","10.9","Negative"
"WikiPathway_2023_Human","Chemokine Signaling Pathway WP3929","1/165","CCL27","0.1667","0.1905","10.3","Negative"
"GO_Biological_Process_2023","Negative Regulation Of Wnt Signaling Pathway (GO:0030178)","1/140","STK3","0.1493","0.1909","12.3","Positive"
"GO_Molecular_Function_2023","Amyloid-Beta Binding (GO:0001540)","1/79","ITM2A","0.0834","0.1929","30.2","Negative"
"KEGG_2021_Human","Cytokine-cytokine receptor interaction","2/295","OSM;IL20RB","0.0448","0.1933","19.9","Positive"
"KEGG_2021_Human","Fat digestion and absorption","1/43","CLPS","0.0483","0.1933","65.4","Positive"
"Reactome_2022","APC/C:Cdc20 Mediated Degradation Of Securin R-HSA-174154","1/67","PTTG1","0.0712","0.1937","38.0","Negative"
"Reactome_2022","Circadian Clock R-HSA-400253","1/69","MEF2C","0.0732","0.1937","36.4","Negative"
"Reactome_2022","Interleukin-17 Signaling R-HSA-448424","1/69","MEF2C","0.0732","0.1937","36.4","Negative"
"Reactome_2022","APC/C:Cdh1 Mediated Degradation Of Cdc20 And APC/C:Cdh1 Targets In Late Mitosis/Early G1 R-HSA-174178","1/73","PTTG1","0.0773","0.1937","33.7","Negative"
"Reactome_2022","Extra-nuclear Estrogen Signaling R-HSA-9009391","1/73","BTC","0.0773","0.1937","33.7","Negative"
"Reactome_2022","APC/C:Cdc20 Mediated Degradation Of Mitotic Proteins R-HSA-176409","1/75","PTTG1","0.0794","0.1937","32.5","Negative"
"Reactome_2022","Activation Of APC/C And APC/C:Cdc20 Mediated Degradation Of Mitotic Proteins R-HSA-176814","1/76","PTTG1","0.0804","0.1937","31.9","Negative"
"Reactome_2022","Constitutive Signaling By Aberrant PI3K In Cancer R-HSA-2219530","1/78","BTC","0.0824","0.1941","30.7","Negative"
"WikiPathway_2023_Human","Smith Magenis And Potocki Lupski Syndrome Copy Number Variation WP5381","1/155","RNF41","0.1639","0.1967","10.6","Positive"
"Reactome_2022","APC/C-mediated Degradation Of Cell Cycle Proteins R-HSA-174143","1/87","PTTG1","0.0915","0.1968","26.3","Negative"
"Reactome_2022","Mitochondrial Biogenesis R-HSA-1592230","1/89","MEF2C","0.0935","0.1968","25.5","Negative"
"Reactome_2022","MyD88 Cascade Initiated On Plasma Membrane R-HSA-975871","1/96","MEF2C","0.1005","0.1968","22.9","Negative"
"Reactome_2022","Signaling By Receptor Tyrosine Kinases R-HSA-9006934","2/496","BTC;MEF2C","0.1024","0.1968","9.0","Negative"
"Reactome_2022","Innate Immune System R-HSA-168249","3/1035","SERPINA3;MEF2C;CFHR3","0.1025","0.1968","6.6","Negative"
"Reactome_2022","TNFR2 Non-Canonical NF-kB Pathway R-HSA-5668541","1/100","LTBR","0.1045","0.1968","21.6","Negative"
"Reactome_2022","TRAF6 Mediated Induction Of NFkB And MAP Kinases Upon TLR7/8 Or 9 Activation R-HSA-975138","1/101","MEF2C","0.1055","0.1968","21.3","Negative"
"Reactome_2022","MyD88 Dependent Cascade Initiated On Endosome R-HSA-975155","1/102","MEF2C","0.1064","0.1968","21.0","Negative"
"Reactome_2022","Toll Like Receptor 3 (TLR3) Cascade R-HSA-168164","1/103","MEF2C","0.1074","0.1968","20.7","Negative"
"Reactome_2022","Toll Like Receptor 7/8 (TLR7/8) Cascade R-HSA-168181","1/103","MEF2C","0.1074","0.1968","20.7","Negative"
"Reactome_2022","Cargo Recognition For Clathrin-Mediated Endocytosis R-HSA-8856825","1/104","BTC","0.1084","0.1968","20.4","Negative"
"Reactome_2022","PI3K/AKT Signaling In Cancer R-HSA-2219528","1/105","BTC","0.1094","0.1968","20.1","Negative"
"Reactome_2022","PI5P, PP2A And IER3 Regulate PI3K/AKT Signaling R-HSA-6811558","1/106","BTC","0.1104","0.1968","19.9","Negative"
"Reactome_2022","Toll Like Receptor 9 (TLR9) Cascade R-HSA-168138","1/106","MEF2C","0.1104","0.1968","19.9","Negative"
"Reactome_2022","MyD88-independent TLR4 Cascade R-HSA-166166","1/107","MEF2C","0.1114","0.1968","19.6","Negative"
"GO_Biological_Process_2023","Negative Regulation Of Protein Metabolic Process (GO:0051248)","1/147","DNAJC1","0.1561","0.1985","11.5","Positive"
"Reactome_2022","MyD88:MAL(TIRAP) Cascade Initiated On Plasma Membrane R-HSA-166058","1/112","MEF2C","0.1163","0.1989","18.3","Negative"
"Reactome_2022","Negative Regulation Of PI3K/AKT Network R-HSA-199418","1/113","BTC","0.1173","0.1989","18.1","Negative"
"Reactome_2022","Signaling By NTRK1 (TRKA) R-HSA-187037","1/114","MEF2C","0.1182","0.1989","17.9","Negative"
